"","samples","ds","alphalogodds"
"1",10,0.2,0.881761869232475
"2",20,0.2,1.12886182161849
"3",30,0.2,1.28325699797352
"4",40,0.2,1.39893150732252
"5",50,0.2,1.49239315921545
"6",60,0.2,1.57119321273311
"7",70,0.2,1.63949888289326
"8",80,0.2,1.69988205758915
"9",90,0.2,1.75404407540168
"10",100,0.2,1.80319073022742
"11",110,0.2,1.84819540114519
"12",120,0.2,1.88971882617959
"13",130,0.2,1.92827417748105
"14",140,0.2,1.96426189889782
"15",150,0.2,1.99801267907484
"16",160,0.2,2.029791817869
"17",170,0.2,2.05982081738186
"18",180,0.2,2.08828481269311
"19",190,0.2,2.11534112286397
"20",200,0.2,2.14112412737163
"21",210,0.2,2.16574966422527
"22",220,0.2,2.18932167496247
"23",230,0.2,2.21192095493935
"24",240,0.2,2.23362860736692
"25",250,0.2,2.25451318695881
"26",260,0.2,2.27463500112578
"27",270,0.2,2.29404561479534
"28",280,0.2,2.31279832800035
"29",290,0.2,2.33093376771448
"30",300,0.2,2.34849338207055
"31",10,0.225,0.845208323528129
"32",20,0.225,1.09230827591414
"33",30,0.225,1.24670345226917
"34",40,0.225,1.36237796161818
"35",50,0.225,1.4558396135111
"36",60,0.225,1.53463966702877
"37",70,0.225,1.60294533718891
"38",80,0.225,1.66332851188481
"39",90,0.225,1.71749052969733
"40",100,0.225,1.76663718452307
"41",110,0.225,1.81164185544084
"42",120,0.225,1.85316528047525
"43",130,0.225,1.8917206317767
"44",140,0.225,1.92770835319348
"45",150,0.225,1.96145913337049
"46",160,0.225,1.99323827216465
"47",170,0.225,2.02326727167751
"48",180,0.225,2.05173126698876
"49",190,0.225,2.07878757715962
"50",200,0.225,2.10457058166728
"51",210,0.225,2.12919611852092
"52",220,0.225,2.15276812925812
"53",230,0.225,2.175367409235
"54",240,0.225,2.19707506166258
"55",250,0.225,2.21795964125447
"56",260,0.225,2.23808145542143
"57",270,0.225,2.257492069091
"58",280,0.225,2.276244782296
"59",290,0.225,2.29438022201014
"60",300,0.225,2.31193983636621
"61",10,0.25,0.804181112668819
"62",20,0.25,1.05128106505483
"63",30,0.25,1.20567624140986
"64",40,0.25,1.32135075075887
"65",50,0.25,1.4148124026518
"66",60,0.25,1.49361245616946
"67",70,0.25,1.5619181263296
"68",80,0.25,1.6223013010255
"69",90,0.25,1.67646331883802
"70",100,0.25,1.72560997366376
"71",110,0.25,1.77061464458153
"72",120,0.25,1.81213806961594
"73",130,0.25,1.85069342091739
"74",140,0.25,1.88668114233417
"75",150,0.25,1.92043192251118
"76",160,0.25,1.95221106130534
"77",170,0.25,1.9822400608182
"78",180,0.25,2.01070405612945
"79",190,0.25,2.03776036630031
"80",200,0.25,2.06354337080797
"81",210,0.25,2.08816890766161
"82",220,0.25,2.11174091839881
"83",230,0.25,2.13434019837569
"84",240,0.25,2.15604785080327
"85",250,0.25,2.17693243039516
"86",260,0.25,2.19705424456212
"87",270,0.25,2.21646485823169
"88",280,0.25,2.23521757143669
"89",290,0.25,2.25335301115083
"90",300,0.25,2.2709126255069
"91",10,0.275,0.756877780021008
"92",20,0.275,1.00397773240702
"93",30,0.275,1.15837290876205
"94",40,0.275,1.27404741811106
"95",50,0.275,1.36750907000398
"96",60,0.275,1.44630912352165
"97",70,0.275,1.51461479368179
"98",80,0.275,1.57499796837768
"99",90,0.275,1.62915998619021
"100",100,0.275,1.67830664101595
"101",110,0.275,1.72331131193372
"102",120,0.275,1.76483473696813
"103",130,0.275,1.80339008826958
"104",140,0.275,1.83937780968636
"105",150,0.275,1.87312858986337
"106",160,0.275,1.90490772865753
"107",170,0.275,1.93493672817039
"108",180,0.275,1.96340072348164
"109",190,0.275,1.9904570336525
"110",200,0.275,2.01624003816016
"111",210,0.275,2.0408655750138
"112",220,0.275,2.064437585751
"113",230,0.275,2.08703686572788
"114",240,0.275,2.10874451815546
"115",250,0.275,2.12962909774735
"116",260,0.275,2.14975091191431
"117",270,0.275,2.16916152558388
"118",280,0.275,2.18791423878888
"119",290,0.275,2.20604967850301
"120",300,0.275,2.22360929285909
"121",10,0.3,0.705979390165777
"122",20,0.3,0.95307934255179
"123",30,0.3,1.10747451890682
"124",40,0.3,1.22314902825583
"125",50,0.3,1.31661068014875
"126",60,0.3,1.39541073366641
"127",70,0.3,1.46371640382656
"128",80,0.3,1.52409957852245
"129",90,0.3,1.57826159633498
"130",100,0.3,1.62740825116072
"131",110,0.3,1.67241292207849
"132",120,0.3,1.71393634711289
"133",130,0.3,1.75249169841435
"134",140,0.3,1.78847941983112
"135",150,0.3,1.82223020000814
"136",160,0.3,1.8540093388023
"137",170,0.3,1.88403833831516
"138",180,0.3,1.91250233362641
"139",190,0.3,1.93955864379727
"140",200,0.3,1.96534164830493
"141",210,0.3,1.98996718515857
"142",220,0.3,2.01353919589577
"143",230,0.3,2.03613847587265
"144",240,0.3,2.05784612830022
"145",250,0.3,2.07873070789212
"146",260,0.3,2.09885252205908
"147",270,0.3,2.11826313572864
"148",280,0.3,2.13701584893365
"149",290,0.3,2.15515128864778
"150",300,0.3,2.17271090300386
"151",10,0.325,0.649275112705692
"152",20,0.325,0.896375065091705
"153",30,0.325,1.05077024144674
"154",40,0.325,1.16644475079574
"155",50,0.325,1.25990640268867
"156",60,0.325,1.33870645620633
"157",70,0.325,1.40701212636648
"158",80,0.325,1.46739530106237
"159",90,0.325,1.5215573188749
"160",100,0.325,1.57070397370064
"161",110,0.325,1.6157086446184
"162",120,0.325,1.65723206965281
"163",130,0.325,1.69578742095427
"164",140,0.325,1.73177514237104
"165",150,0.325,1.76552592254805
"166",160,0.325,1.79730506134222
"167",170,0.325,1.82733406085507
"168",180,0.325,1.85579805616632
"169",190,0.325,1.88285436633719
"170",200,0.325,1.90863737084484
"171",210,0.325,1.93326290769848
"172",220,0.325,1.95683491843568
"173",230,0.325,1.97943419841257
"174",240,0.325,2.00114185084014
"175",250,0.325,2.02202643043203
"176",260,0.325,2.042148244599
"177",270,0.325,2.06155885826856
"178",280,0.325,2.08031157147357
"179",290,0.325,2.0984470111877
"180",300,0.325,2.11600662554377
"181",10,0.35,0.588052299438372
"182",20,0.35,0.835152251824385
"183",30,0.35,0.989547428179418
"184",40,0.35,1.10522193752842
"185",50,0.35,1.19868358942135
"186",60,0.35,1.27748364293901
"187",70,0.35,1.34578931309916
"188",80,0.35,1.40617248779505
"189",90,0.35,1.46033450560758
"190",100,0.35,1.50948116043332
"191",110,0.35,1.55448583135108
"192",120,0.35,1.59600925638549
"193",130,0.35,1.63456460768695
"194",140,0.35,1.67055232910372
"195",150,0.35,1.70430310928073
"196",160,0.35,1.7360822480749
"197",170,0.35,1.76611124758775
"198",180,0.35,1.794575242899
"199",190,0.35,1.82163155306987
"200",200,0.35,1.84741455757752
"201",210,0.35,1.87204009443116
"202",220,0.35,1.89561210516836
"203",230,0.35,1.91821138514525
"204",240,0.35,1.93991903757282
"205",250,0.35,1.96080361716471
"206",260,0.35,1.98092543133168
"207",270,0.35,2.00033604500124
"208",280,0.35,2.01908875820625
"209",290,0.35,2.03722419792038
"210",300,0.35,2.05478381227645
"211",10,0.375,0.520652157155152
"212",20,0.375,0.767752109541165
"213",30,0.375,0.922147285896198
"214",40,0.375,1.0378217952452
"215",50,0.375,1.13128344713813
"216",60,0.375,1.21008350065579
"217",70,0.375,1.27838917081594
"218",80,0.375,1.33877234551183
"219",90,0.375,1.39293436332436
"220",100,0.375,1.4420810181501
"221",110,0.375,1.48708568906786
"222",120,0.375,1.52860911410227
"223",130,0.375,1.56716446540373
"224",140,0.375,1.6031521868205
"225",150,0.375,1.63690296699751
"226",160,0.375,1.66868210579168
"227",170,0.375,1.69871110530453
"228",180,0.375,1.72717510061578
"229",190,0.375,1.75423141078665
"230",200,0.375,1.7800144152943
"231",210,0.375,1.80463995214794
"232",220,0.375,1.82821196288514
"233",230,0.375,1.85081124286203
"234",240,0.375,1.8725188952896
"235",250,0.375,1.89340347488149
"236",260,0.375,1.91352528904846
"237",270,0.375,1.93293590271802
"238",280,0.375,1.95168861592303
"239",290,0.375,1.96982405563716
"240",300,0.375,1.98738366999323
"241",10,0.4,0.449844917777578
"242",20,0.4,0.696944870163591
"243",30,0.4,0.851340046518623
"244",40,0.4,0.967014555867626
"245",50,0.4,1.06047620776055
"246",60,0.4,1.13927626127821
"247",70,0.4,1.20758193143836
"248",80,0.4,1.26796510613425
"249",90,0.4,1.32212712394678
"250",100,0.4,1.37127377877252
"251",110,0.4,1.41627844969029
"252",120,0.4,1.4578018747247
"253",130,0.4,1.49635722602615
"254",140,0.4,1.53234494744293
"255",150,0.4,1.56609572761994
"256",160,0.4,1.5978748664141
"257",170,0.4,1.62790386592696
"258",180,0.4,1.65636786123821
"259",190,0.4,1.68342417140907
"260",200,0.4,1.70920717591673
"261",210,0.4,1.73383271277037
"262",220,0.4,1.75740472350757
"263",230,0.4,1.78000400348445
"264",240,0.4,1.80171165591202
"265",250,0.4,1.82259623550392
"266",260,0.4,1.84271804967088
"267",270,0.4,1.86212866334044
"268",280,0.4,1.88088137654545
"269",290,0.4,1.89901681625958
"270",300,0.4,1.91657643061566
"271",10,0.425,0.372339893870138
"272",20,0.425,0.619439846256151
"273",30,0.425,0.773835022611184
"274",40,0.425,0.889509531960187
"275",50,0.425,0.982971183853114
"276",60,0.425,1.06177123737078
"277",70,0.425,1.13007690753092
"278",80,0.425,1.19046008222681
"279",90,0.425,1.24462210003934
"280",100,0.425,1.29376875486508
"281",110,0.425,1.33877342578285
"282",120,0.425,1.38029685081726
"283",130,0.425,1.41885220211871
"284",140,0.425,1.45483992353549
"285",150,0.425,1.4885907037125
"286",160,0.425,1.52036984250666
"287",170,0.425,1.55039884201952
"288",180,0.425,1.57886283733077
"289",190,0.425,1.60591914750163
"290",200,0.425,1.63170215200929
"291",210,0.425,1.65632768886293
"292",220,0.425,1.67989969960013
"293",230,0.425,1.70249897957701
"294",240,0.425,1.72420663200459
"295",250,0.425,1.74509121159648
"296",260,0.425,1.76521302576344
"297",270,0.425,1.78462363943301
"298",280,0.425,1.80337635263801
"299",290,0.425,1.82151179235214
"300",300,0.425,1.83907140670822
"301",10,0.45,0.28925595928714
"302",20,0.45,0.536355911673153
"303",30,0.45,0.690751088028186
"304",40,0.45,0.806425597377189
"305",50,0.45,0.899887249270116
"306",60,0.45,0.978687302787777
"307",70,0.45,1.04699297294793
"308",80,0.45,1.10737614764382
"309",90,0.45,1.16153816545634
"310",100,0.45,1.21068482028208
"311",110,0.45,1.25568949119985
"312",120,0.45,1.29721291623426
"313",130,0.45,1.33576826753571
"314",140,0.45,1.37175598895249
"315",150,0.45,1.4055067691295
"316",160,0.45,1.43728590792366
"317",170,0.45,1.46731490743652
"318",180,0.45,1.49577890274777
"319",190,0.45,1.52283521291864
"320",200,0.45,1.54861821742629
"321",210,0.45,1.57324375427993
"322",220,0.45,1.59681576501713
"323",230,0.45,1.61941504499402
"324",240,0.45,1.64112269742159
"325",250,0.45,1.66200727701348
"326",260,0.45,1.68212909118044
"327",270,0.45,1.70153970485001
"328",280,0.45,1.72029241805501
"329",290,0.45,1.73842785776915
"330",300,0.45,1.75598747212522
"331",10,0.475,0.20263298873425
"332",20,0.475,0.449732941120263
"333",30,0.475,0.604128117475295
"334",40,0.475,0.719802626824298
"335",50,0.475,0.813264278717226
"336",60,0.475,0.892064332234887
"337",70,0.475,0.960370002395035
"338",80,0.475,1.02075317709093
"339",90,0.475,1.07491519490345
"340",100,0.475,1.12406184972919
"341",110,0.475,1.16906652064696
"342",120,0.475,1.21058994568137
"343",130,0.475,1.24914529698282
"344",140,0.475,1.2851330183996
"345",150,0.475,1.31888379857661
"346",160,0.475,1.35066293737077
"347",170,0.475,1.38069193688363
"348",180,0.475,1.40915593219488
"349",190,0.475,1.43621224236575
"350",200,0.475,1.4619952468734
"351",210,0.475,1.48662078372704
"352",220,0.475,1.51019279446424
"353",230,0.475,1.53279207444113
"354",240,0.475,1.5544997268687
"355",250,0.475,1.57538430646059
"356",260,0.475,1.59550612062755
"357",270,0.475,1.61491673429712
"358",280,0.475,1.63366944750212
"359",290,0.475,1.65180488721626
"360",300,0.475,1.66936450157233
"361",10,0.5,0.113101636476999
"362",20,0.5,0.360201588863012
"363",30,0.5,0.514596765218045
"364",40,0.5,0.630271274567048
"365",50,0.5,0.723732926459975
"366",60,0.5,0.802532979977636
"367",70,0.5,0.870838650137785
"368",80,0.5,0.931221824833675
"369",90,0.5,0.985383842646202
"370",100,0.5,1.03453049747194
"371",110,0.5,1.07953516838971
"372",120,0.5,1.12105859342412
"373",130,0.5,1.15961394472557
"374",140,0.5,1.19560166614235
"375",150,0.5,1.22935244631936
"376",160,0.5,1.26113158511352
"377",170,0.5,1.29116058462638
"378",180,0.5,1.31962457993763
"379",190,0.5,1.34668089010849
"380",200,0.5,1.37246389461615
"381",210,0.5,1.39708943146979
"382",220,0.5,1.42066144220699
"383",230,0.5,1.44326072218388
"384",240,0.5,1.46496837461145
"385",250,0.5,1.48585295420334
"386",260,0.5,1.5059747683703
"387",270,0.5,1.52538538203987
"388",280,0.5,1.54413809524487
"389",290,0.5,1.56227353495901
"390",300,0.5,1.57983314931508
"391",10,0.525,0.0174528730627374
"392",20,0.525,0.26455282544875
"393",30,0.525,0.418948001803783
"394",40,0.525,0.534622511152786
"395",50,0.525,0.628084163045713
"396",60,0.525,0.706884216563374
"397",70,0.525,0.775189886723523
"398",80,0.525,0.835573061419414
"399",90,0.525,0.889735079231941
"400",100,0.525,0.938881734057681
"401",110,0.525,0.983886404975449
"402",120,0.525,1.02540983000985
"403",130,0.525,1.06396518131131
"404",140,0.525,1.09995290272808
"405",150,0.525,1.1337036829051
"406",160,0.525,1.16548282169926
"407",170,0.525,1.19551182121212
"408",180,0.525,1.22397581652337
"409",190,0.525,1.25103212669423
"410",200,0.525,1.27681513120189
"411",210,0.525,1.30144066805553
"412",220,0.525,1.32501267879273
"413",230,0.525,1.34761195876961
"414",240,0.525,1.36931961119718
"415",250,0.525,1.39020419078908
"416",260,0.525,1.41032600495604
"417",270,0.525,1.4297366186256
"418",280,0.525,1.44848933183061
"419",290,0.525,1.46662477154474
"420",300,0.525,1.48418438590082
"421",10,0.55,-0.0828286408539814
"422",20,0.55,0.164271311532031
"423",30,0.55,0.318666487887064
"424",40,0.55,0.434340997236067
"425",50,0.55,0.527802649128995
"426",60,0.55,0.606602702646656
"427",70,0.55,0.674908372806804
"428",80,0.55,0.735291547502695
"429",90,0.55,0.789453565315222
"430",100,0.55,0.838600220140962
"431",110,0.55,0.883604891058731
"432",120,0.55,0.925128316093136
"433",130,0.55,0.963683667394593
"434",140,0.55,0.999671388811366
"435",150,0.55,1.03342216898838
"436",160,0.55,1.06520130778254
"437",170,0.55,1.0952303072954
"438",180,0.55,1.12369430260665
"439",190,0.55,1.15075061277751
"440",200,0.55,1.17653361728517
"441",210,0.55,1.20115915413881
"442",220,0.55,1.22473116487601
"443",230,0.55,1.24733044485289
"444",240,0.55,1.26903809728047
"445",250,0.55,1.28992267687236
"446",260,0.55,1.31004449103932
"447",270,0.55,1.32945510470889
"448",280,0.55,1.34820781791389
"449",290,0.55,1.36634325762802
"450",300,0.55,1.3839028719841
"451",10,0.575,-0.186089374650926
"452",20,0.575,0.0610105777350869
"453",30,0.575,0.21540575409012
"454",40,0.575,0.331080263439122
"455",50,0.575,0.42454191533205
"456",60,0.575,0.503341968849711
"457",70,0.575,0.57164763900986
"458",80,0.575,0.63203081370575
"459",90,0.575,0.686192831518277
"460",100,0.575,0.735339486344018
"461",110,0.575,0.780344157261786
"462",120,0.575,0.821867582296191
"463",130,0.575,0.860422933597649
"464",140,0.575,0.896410655014421
"465",150,0.575,0.930161435191434
"466",160,0.575,0.961940573985598
"467",170,0.575,0.991969573498456
"468",180,0.575,1.0204335688097
"469",190,0.575,1.04748987898057
"470",200,0.575,1.07327288348823
"471",210,0.575,1.09789842034187
"472",220,0.575,1.12147043107907
"473",230,0.575,1.14406971105595
"474",240,0.575,1.16577736348352
"475",250,0.575,1.18666194307541
"476",260,0.575,1.20678375724238
"477",270,0.575,1.22619437091194
"478",280,0.575,1.24494708411695
"479",290,0.575,1.26308252383108
"480",300,0.575,1.28064213818715
"481",10,0.6,-0.291836257958348
"482",20,0.6,-0.0447363055723352
"483",30,0.6,0.109658870782698
"484",40,0.6,0.225333380131701
"485",50,0.6,0.318795032024628
"486",60,0.6,0.397595085542289
"487",70,0.6,0.465900755702438
"488",80,0.6,0.526283930398328
"489",90,0.6,0.580445948210855
"490",100,0.6,0.629592603036595
"491",110,0.6,0.674597273954364
"492",120,0.6,0.716120698988769
"493",130,0.6,0.754676050290227
"494",140,0.6,0.790663771706999
"495",150,0.6,0.824414551884012
"496",160,0.6,0.856193690678176
"497",170,0.6,0.886222690191034
"498",180,0.6,0.914686685502283
"499",190,0.6,0.941742995673147
"500",200,0.6,0.967526000180803
"501",210,0.6,0.992151537034444
"502",220,0.6,1.01572354777164
"503",230,0.6,1.03832282774853
"504",240,0.6,1.0600304801761
"505",250,0.6,1.08091505976799
"506",260,0.6,1.10103687393496
"507",270,0.6,1.12044748760452
"508",280,0.6,1.13920020080953
"509",290,0.6,1.15733564052366
"510",300,0.6,1.17489525487973
"511",10,0.625,-0.404060760344334
"512",20,0.625,-0.156960807958321
"513",30,0.625,-0.0025656316032886
"514",40,0.625,0.113108877745714
"515",50,0.625,0.206570529638642
"516",60,0.625,0.285370583156303
"517",70,0.625,0.353676253316451
"518",80,0.625,0.414059428012342
"519",90,0.625,0.468221445824869
"520",100,0.625,0.517368100650609
"521",110,0.625,0.562372771568378
"522",120,0.625,0.603896196602783
"523",130,0.625,0.642451547904241
"524",140,0.625,0.678439269321013
"525",150,0.625,0.712190049498026
"526",160,0.625,0.74396918829219
"527",170,0.625,0.773998187805047
"528",180,0.625,0.802462183116297
"529",190,0.625,0.829518493287161
"530",200,0.625,0.855301497794817
"531",210,0.625,0.879927034648458
"532",220,0.625,0.903499045385658
"533",230,0.625,0.926098325362542
"534",240,0.625,0.947805977790113
"535",250,0.625,0.968690557382005
"536",260,0.625,0.98881237154897
"537",270,0.625,1.00822298521853
"538",280,0.625,1.02697569842354
"539",290,0.625,1.04511113813767
"540",300,0.625,1.06267075249374
"541",10,0.65,-0.517109774649539
"542",20,0.65,-0.270009822263526
"543",30,0.65,-0.115614645908493
"544",40,0.65,5.98634405093905e-05
"545",50,0.65,0.0935215153334368
"546",60,0.65,0.172321568851098
"547",70,0.65,0.240627239011246
"548",80,0.65,0.301010413707137
"549",90,0.65,0.355172431519664
"550",100,0.65,0.404319086345404
"551",110,0.65,0.449323757263173
"552",120,0.65,0.490847182297578
"553",130,0.65,0.529402533599036
"554",140,0.65,0.565390255015808
"555",150,0.65,0.599141035192821
"556",160,0.65,0.630920173986985
"557",170,0.65,0.660949173499843
"558",180,0.65,0.689413168811092
"559",190,0.65,0.716469478981956
"560",200,0.65,0.742252483489612
"561",210,0.65,0.766878020343253
"562",220,0.65,0.790450031080453
"563",230,0.65,0.813049311057337
"564",240,0.65,0.834756963484908
"565",250,0.65,0.8556415430768
"566",260,0.65,0.875763357243766
"567",270,0.65,0.895173970913328
"568",280,0.65,0.913926684118335
"569",290,0.65,0.932062123832467
"570",300,0.65,0.94962173818854
"571",10,0.675,-0.63930139608974
"572",20,0.675,-0.392201443703728
"573",30,0.675,-0.237806267348695
"574",40,0.675,-0.122131757999692
"575",50,0.675,-0.0286701061067645
"576",60,0.675,0.0501299474108964
"577",70,0.675,0.118435617571045
"578",80,0.675,0.178818792266936
"579",90,0.675,0.232980810079463
"580",100,0.675,0.282127464905203
"581",110,0.675,0.327132135822972
"582",120,0.675,0.368655560857377
"583",130,0.675,0.407210912158834
"584",140,0.675,0.443198633575607
"585",150,0.675,0.47694941375262
"586",160,0.675,0.508728552546784
"587",170,0.675,0.538757552059641
"588",180,0.675,0.56722154737089
"589",190,0.675,0.594277857541755
"590",200,0.675,0.62006086204941
"591",210,0.675,0.644686398903051
"592",220,0.675,0.668258409640251
"593",230,0.675,0.690857689617135
"594",240,0.675,0.712565342044707
"595",250,0.675,0.733449921636598
"596",260,0.675,0.753571735803564
"597",270,0.675,0.772982349473126
"598",280,0.675,0.791735062678133
"599",290,0.675,0.809870502392266
"600",300,0.675,0.827430116748338
"601",10,0.7,-0.758034495748476
"602",20,0.7,-0.510934543362463
"603",30,0.7,-0.35653936700743
"604",40,0.7,-0.240864857658427
"605",50,0.7,-0.1474032057655
"606",60,0.7,-0.068603152247839
"607",70,0.7,-0.000297482087690422
"608",80,0.7,0.0600856926082003
"609",90,0.7,0.114247710420727
"610",100,0.7,0.163394365246467
"611",110,0.7,0.208399036164236
"612",120,0.7,0.249922461198641
"613",130,0.7,0.288477812500099
"614",140,0.7,0.324465533916871
"615",150,0.7,0.358216314093884
"616",160,0.7,0.389995452888048
"617",170,0.7,0.420024452400906
"618",180,0.7,0.448488447712155
"619",190,0.7,0.475544757883019
"620",200,0.7,0.501327762390675
"621",210,0.7,0.525953299244316
"622",220,0.7,0.549525309981516
"623",230,0.7,0.5721245899584
"624",240,0.7,0.593832242385971
"625",250,0.7,0.614716821977863
"626",260,0.7,0.634838636144829
"627",270,0.7,0.654249249814391
"628",280,0.7,0.673001963019398
"629",290,0.7,0.69113740273353
"630",300,0.7,0.708697017089603
"631",10,0.725,-0.884441902226988
"632",20,0.725,-0.637341949840975
"633",30,0.725,-0.482946773485942
"634",40,0.725,-0.367272264136939
"635",50,0.725,-0.273810612244012
"636",60,0.725,-0.195010558726351
"637",70,0.725,-0.126704888566202
"638",80,0.725,-0.0663217138703115
"639",90,0.725,-0.0121596960577846
"640",100,0.725,0.0369869587679558
"641",110,0.725,0.0819916296857244
"642",120,0.725,0.123515054720129
"643",130,0.725,0.162070406021587
"644",140,0.725,0.19805812743836
"645",150,0.725,0.231808907615373
"646",160,0.725,0.263588046409536
"647",170,0.725,0.293617045922394
"648",180,0.725,0.322081041233643
"649",190,0.725,0.349137351404508
"650",200,0.725,0.374920355912163
"651",210,0.725,0.399545892765804
"652",220,0.725,0.423117903503004
"653",230,0.725,0.445717183479888
"654",240,0.725,0.46742483590746
"655",250,0.725,0.488309415499351
"656",260,0.725,0.508431229666317
"657",270,0.725,0.527841843335879
"658",280,0.725,0.546594556540886
"659",290,0.725,0.564729996255018
"660",300,0.725,0.582289610611091
"661",10,0.75,-1.01269254544016
"662",20,0.75,-0.765592593054152
"663",30,0.75,-0.611197416699119
"664",40,0.75,-0.495522907350116
"665",50,0.75,-0.402061255457188
"666",60,0.75,-0.323261201939527
"667",70,0.75,-0.254955531779379
"668",80,0.75,-0.194572357083488
"669",90,0.75,-0.140410339270961
"670",100,0.75,-0.0912636844452209
"671",110,0.75,-0.0462590135274524
"672",120,0.75,-0.00473558849304735
"673",130,0.75,0.0338197628084103
"674",140,0.75,0.069807484225183
"675",150,0.75,0.103558264402196
"676",160,0.75,0.13533740319636
"677",170,0.75,0.165366402709217
"678",180,0.75,0.193830398020467
"679",190,0.75,0.220886708191331
"680",200,0.75,0.246669712698987
"681",210,0.75,0.271295249552627
"682",220,0.75,0.294867260289827
"683",230,0.75,0.317466540266711
"684",240,0.75,0.339174192694283
"685",250,0.75,0.360058772286175
"686",260,0.75,0.38018058645314
"687",270,0.75,0.399591200122702
"688",280,0.75,0.418343913327709
"689",290,0.75,0.436479353041842
"690",300,0.75,0.454038967397914
"691",10,0.775,-1.14603309274368
"692",20,0.775,-0.898933140357671
"693",30,0.775,-0.744537964002638
"694",40,0.775,-0.628863454653635
"695",50,0.775,-0.535401802760708
"696",60,0.775,-0.456601749243047
"697",70,0.775,-0.388296079082898
"698",80,0.775,-0.327912904387007
"699",90,0.775,-0.273750886574481
"700",100,0.775,-0.22460423174874
"701",110,0.775,-0.179599560830972
"702",120,0.775,-0.138076135796567
"703",130,0.775,-0.0995207844951089
"704",140,0.775,-0.0635330630783363
"705",150,0.775,-0.0297822829013232
"706",160,0.775,0.00199685589284044
"707",170,0.775,0.0320258554056981
"708",180,0.775,0.0604898507169472
"709",190,0.775,0.0875461608878117
"710",200,0.775,0.113329165395467
"711",210,0.775,0.137954702249108
"712",220,0.775,0.161526712986308
"713",230,0.775,0.184125992963192
"714",240,0.775,0.205833645390764
"715",250,0.775,0.226718224982655
"716",260,0.775,0.246840039149621
"717",270,0.775,0.266250652819183
"718",280,0.775,0.28500336602419
"719",290,0.775,0.303138805738322
"720",300,0.775,0.320698420094395
"721",10,0.8,-1.27693241463441
"722",20,0.8,-1.0298324622484
"723",30,0.8,-0.875437285893369
"724",40,0.8,-0.759762776544366
"725",50,0.8,-0.666301124651439
"726",60,0.8,-0.587501071133778
"727",70,0.8,-0.519195400973629
"728",80,0.8,-0.458812226277739
"729",90,0.8,-0.404650208465212
"730",100,0.8,-0.355503553639471
"731",110,0.8,-0.310498882721703
"732",120,0.8,-0.268975457687298
"733",130,0.8,-0.23042010638584
"734",140,0.8,-0.194432384969067
"735",150,0.8,-0.160681604792054
"736",160,0.8,-0.128902465997891
"737",170,0.8,-0.098873466485033
"738",180,0.8,-0.0704094711737839
"739",190,0.8,-0.0433531610029195
"740",200,0.8,-0.0175701564952638
"741",210,0.8,0.007055380358377
"742",220,0.8,0.0306273910955767
"743",230,0.8,0.053226671072461
"744",240,0.8,0.0749343235000325
"745",250,0.8,0.0958189030919242
"746",260,0.8,0.11594071725889
"747",270,0.8,0.135351330928452
"748",280,0.8,0.154104044133459
"749",290,0.8,0.172239483847591
"750",300,0.8,0.189799098203664
"751",10,0.825,-1.41545240609943
"752",20,0.825,-1.16835245371342
"753",30,0.825,-1.01395727735839
"754",40,0.825,-0.898282768009384
"755",50,0.825,-0.804821116116456
"756",60,0.825,-0.726021062598795
"757",70,0.825,-0.657715392438647
"758",80,0.825,-0.597332217742756
"759",90,0.825,-0.543170199930229
"760",100,0.825,-0.494023545104488
"761",110,0.825,-0.44901887418672
"762",120,0.825,-0.407495449152315
"763",130,0.825,-0.368940097850857
"764",140,0.825,-0.332952376434085
"765",150,0.825,-0.299201596257071
"766",160,0.825,-0.267422457462908
"767",170,0.825,-0.23739345795005
"768",180,0.825,-0.208929462638801
"769",190,0.825,-0.181873152467937
"770",200,0.825,-0.156090147960281
"771",210,0.825,-0.13146461110664
"772",220,0.825,-0.10789260036944
"773",230,0.825,-0.0852933203925561
"774",240,0.825,-0.0635856679649847
"775",250,0.825,-0.042701088373093
"776",260,0.825,-0.0225792742061274
"777",270,0.825,-0.00316866053656528
"778",280,0.825,0.0155840526684417
"779",290,0.825,0.0337194923825741
"780",300,0.825,0.0512791067386467
"781",10,0.85,-1.56466096379595
"782",20,0.85,-1.31756101140993
"783",30,0.85,-1.1631658350549
"784",40,0.85,-1.0474913257059
"785",50,0.85,-0.95402967381297
"786",60,0.85,-0.875229620295309
"787",70,0.85,-0.80692395013516
"788",80,0.85,-0.74654077543927
"789",90,0.85,-0.692378757626743
"790",100,0.85,-0.643232102801003
"791",110,0.85,-0.598227431883234
"792",120,0.85,-0.556704006848829
"793",130,0.85,-0.518148655547371
"794",140,0.85,-0.482160934130599
"795",150,0.85,-0.448410153953586
"796",160,0.85,-0.416631015159422
"797",170,0.85,-0.386602015646564
"798",180,0.85,-0.358138020335315
"799",190,0.85,-0.331081710164451
"800",200,0.85,-0.305298705656795
"801",210,0.85,-0.280673168803154
"802",220,0.85,-0.257101158065954
"803",230,0.85,-0.23450187808907
"804",240,0.85,-0.212794225661499
"805",250,0.85,-0.191909646069607
"806",260,0.85,-0.171787831902641
"807",270,0.85,-0.152377218233079
"808",280,0.85,-0.133624505028072
"809",290,0.85,-0.11548906531394
"810",300,0.85,-0.0979294509578672
"811",10,0.875,-1.71333772154971
"812",20,0.875,-1.4662377691637
"813",30,0.875,-1.31184259280866
"814",40,0.875,-1.19616808345966
"815",50,0.875,-1.10270643156673
"816",60,0.875,-1.02390637804907
"817",70,0.875,-0.955600707888925
"818",80,0.875,-0.895217533193034
"819",90,0.875,-0.841055515380507
"820",100,0.875,-0.791908860554767
"821",110,0.875,-0.746904189636998
"822",120,0.875,-0.705380764602593
"823",130,0.875,-0.666825413301135
"824",140,0.875,-0.630837691884363
"825",150,0.875,-0.59708691170735
"826",160,0.875,-0.565307772913186
"827",170,0.875,-0.535278773400328
"828",180,0.875,-0.506814778089079
"829",190,0.875,-0.479758467918215
"830",200,0.875,-0.453975463410559
"831",210,0.875,-0.429349926556918
"832",220,0.875,-0.405777915819719
"833",230,0.875,-0.383178635842834
"834",240,0.875,-0.361470983415263
"835",250,0.875,-0.340586403823371
"836",260,0.875,-0.320464589656406
"837",270,0.875,-0.301053975986843
"838",280,0.875,-0.282301262781836
"839",290,0.875,-0.264165823067704
"840",300,0.875,-0.246606208711631
"841",10,0.9,-1.863817599048
"842",20,0.9,-1.61671764666198
"843",30,0.9,-1.46232247030695
"844",40,0.9,-1.34664796095795
"845",50,0.9,-1.25318630906502
"846",60,0.9,-1.17438625554736
"847",70,0.9,-1.10608058538721
"848",80,0.9,-1.04569741069132
"849",90,0.9,-0.991535392878793
"850",100,0.9,-0.942388738053053
"851",110,0.9,-0.897384067135284
"852",120,0.9,-0.855860642100879
"853",130,0.9,-0.817305290799421
"854",140,0.9,-0.781317569382649
"855",150,0.9,-0.747566789205636
"856",160,0.9,-0.715787650411472
"857",170,0.9,-0.685758650898614
"858",180,0.9,-0.657294655587365
"859",190,0.9,-0.630238345416501
"860",200,0.9,-0.604455340908845
"861",210,0.9,-0.579829804055204
"862",220,0.9,-0.556257793318004
"863",230,0.9,-0.53365851334112
"864",240,0.9,-0.511950860913549
"865",250,0.9,-0.491066281321657
"866",260,0.9,-0.470944467154692
"867",270,0.9,-0.451533853485129
"868",280,0.9,-0.432781140280122
"869",290,0.9,-0.41464570056599
"870",300,0.9,-0.397086086209917
"871",10,0.925,-2.00820530503826
"872",20,0.925,-1.76110535265225
"873",30,0.925,-1.60671017629721
"874",40,0.925,-1.49103566694821
"875",50,0.925,-1.39757401505528
"876",60,0.925,-1.31877396153762
"877",70,0.925,-1.25046829137747
"878",80,0.925,-1.19008511668158
"879",90,0.925,-1.13592309886906
"880",100,0.925,-1.08677644404332
"881",110,0.925,-1.04177177312555
"882",120,0.925,-1.00024834809114
"883",130,0.925,-0.961692996789684
"884",140,0.925,-0.925705275372911
"885",150,0.925,-0.891954495195898
"886",160,0.925,-0.860175356401735
"887",170,0.925,-0.830146356888877
"888",180,0.925,-0.801682361577628
"889",190,0.925,-0.774626051406763
"890",200,0.925,-0.748843046899108
"891",210,0.925,-0.724217510045467
"892",220,0.925,-0.700645499308267
"893",230,0.925,-0.678046219331383
"894",240,0.925,-0.656338566903811
"895",250,0.925,-0.63545398731192
"896",260,0.925,-0.615332173144954
"897",270,0.925,-0.595921559475392
"898",280,0.925,-0.577168846270385
"899",290,0.925,-0.559033406556253
"900",300,0.925,-0.54147379220018
"901",10,0.95,-2.14803911283071
"902",20,0.95,-1.9009391604447
"903",30,0.95,-1.74654398408967
"904",40,0.95,-1.63086947474067
"905",50,0.95,-1.53740782284774
"906",60,0.95,-1.45860776933008
"907",70,0.95,-1.39030209916993
"908",80,0.95,-1.32991892447404
"909",90,0.95,-1.27575690666151
"910",100,0.95,-1.22661025183577
"911",110,0.95,-1.181605580918
"912",120,0.95,-1.1400821558836
"913",130,0.95,-1.10152680458214
"914",140,0.95,-1.06553908316537
"915",150,0.95,-1.03178830298835
"916",160,0.95,-1.00000916419419
"917",170,0.95,-0.969980164681333
"918",180,0.95,-0.941516169370084
"919",190,0.95,-0.914459859199219
"920",200,0.95,-0.888676854691564
"921",210,0.95,-0.864051317837923
"922",220,0.95,-0.840479307100723
"923",230,0.95,-0.817880027123839
"924",240,0.95,-0.796172374696267
"925",250,0.95,-0.775287795104376
"926",260,0.95,-0.75516598093741
"927",270,0.95,-0.735755367267848
"928",280,0.95,-0.717002654062841
"929",290,0.95,-0.698867214348708
"930",300,0.95,-0.681307599992636
"931",10,0.975,-2.32242541186829
"932",20,0.975,-2.07532545948228
"933",30,0.975,-1.92093028312725
"934",40,0.975,-1.80525577377825
"935",50,0.975,-1.71179412188532
"936",60,0.975,-1.63299406836766
"937",70,0.975,-1.56468839820751
"938",80,0.975,-1.50430522351162
"939",90,0.975,-1.45014320569909
"940",100,0.975,-1.40099655087335
"941",110,0.975,-1.35599187995558
"942",120,0.975,-1.31446845492118
"943",130,0.975,-1.27591310361972
"944",140,0.975,-1.23992538220295
"945",150,0.975,-1.20617460202593
"946",160,0.975,-1.17439546323177
"947",170,0.975,-1.14436646371891
"948",180,0.975,-1.11590246840766
"949",190,0.975,-1.0888461582368
"950",200,0.975,-1.06306315372914
"951",210,0.975,-1.0384376168755
"952",220,0.975,-1.0148656061383
"953",230,0.975,-0.992266326161418
"954",240,0.975,-0.970558673733847
"955",250,0.975,-0.949674094141955
"956",260,0.975,-0.929552279974989
"957",270,0.975,-0.910141666305427
"958",280,0.975,-0.89138895310042
"959",290,0.975,-0.873253513386288
"960",300,0.975,-0.855693899030215
"961",10,1,-2.48560684522849
"962",20,1,-2.23850689284248
"963",30,1,-2.08411171648744
"964",40,1,-1.96843720713844
"965",50,1,-1.87497555524551
"966",60,1,-1.79617550172785
"967",70,1,-1.7278698315677
"968",80,1,-1.66748665687181
"969",90,1,-1.61332463905929
"970",100,1,-1.56417798423355
"971",110,1,-1.51917331331578
"972",120,1,-1.47764988828137
"973",130,1,-1.43909453697991
"974",140,1,-1.40310681556314
"975",150,1,-1.36935603538613
"976",160,1,-1.33757689659197
"977",170,1,-1.30754789707911
"978",180,1,-1.27908390176786
"979",190,1,-1.25202759159699
"980",200,1,-1.22624458708934
"981",210,1,-1.2016190502357
"982",220,1,-1.1780470394985
"983",230,1,-1.15544775952161
"984",240,1,-1.13374010709404
"985",250,1,-1.11285552750215
"986",260,1,-1.09273371333518
"987",270,1,-1.07332309966562
"988",280,1,-1.05457038646062
"989",290,1,-1.03643494674648
"990",300,1,-1.01887533239041
